Student ID,Student ID,Week 1 Tutorial Points Grade <Numeric MaxPoints:1 Weight:8.33333334 Category:Tutorial Attendance CategoryWeight:5>,Week 2 Tutorial Points Grade <Numeric MaxPoints:1 Weight:8.33333334 Category:Tutorial Attendance CategoryWeight:5>,Week 3 Tutorial Points Grade <Numeric MaxPoints:1 Weight:8.33333334 Category:Tutorial Attendance CategoryWeight:5>,Week 4 Tutorial Points Grade <Numeric MaxPoints:1 Weight:8.33333334 Category:Tutorial Attendance CategoryWeight:5>,Week 5 Tutorial Points Grade <Numeric MaxPoints:1 Weight:8.33333334 Category:Tutorial Attendance CategoryWeight:5>,Week 7 Tutorial Points Grade <Numeric MaxPoints:1 Weight:8.33333334 Category:Tutorial Attendance CategoryWeight:5>,Week 8 Tutorial Points Grade <Numeric MaxPoints:1 Weight:8.33333334 Category:Tutorial Attendance CategoryWeight:5>,Week 9 Tutorial Points Grade <Numeric MaxPoints:1 Weight:8.33333334 Category:Tutorial Attendance CategoryWeight:5>,Week 10 Tutorial Points Grade <Numeric MaxPoints:1 Weight:8.33333334 Category:Tutorial Attendance CategoryWeight:5>,Week 11 Tutorial Points Grade <Numeric MaxPoints:1 Weight:8.33333334 Category:Tutorial Attendance CategoryWeight:5>,Week 12 Tutorial Points Grade <Numeric MaxPoints:1 Weight:8.33333334 Category:Tutorial Attendance CategoryWeight:5>,Week 13 Tutorial Points Grade <Numeric MaxPoints:1 Weight:8.33333334 Category:Tutorial Attendance CategoryWeight:5>,Tutorial Attendance Subtotal Numerator,Tutorial Attendance Subtotal Denominator,Week 2 Worksheet Points Grade <Numeric MaxPoints:1 Weight:9.0909091 Category:Worksheets CategoryWeight:5>,Week 3 Worksheet Points Grade <Numeric MaxPoints:1 Weight:9.0909091 Category:Worksheets CategoryWeight:5>,Week 4 Worksheet Points Grade <Numeric MaxPoints:1 Weight:9.0909091 Category:Worksheets CategoryWeight:5>,Week 5 Worksheet Points Grade <Numeric MaxPoints:1 Weight:9.0909091 Category:Worksheets CategoryWeight:5>,Week 7 Worksheet Points Grade <Numeric MaxPoints:1 Weight:9.0909091 Category:Worksheets CategoryWeight:5>,Week 9 Worksheet Points Grade <Numeric MaxPoints:1 Weight:9.0909091 Category:Worksheets CategoryWeight:5>,Week 8 Worksheet Points Grade <Numeric MaxPoints:1 Weight:9.0909091 Category:Worksheets CategoryWeight:5>,Week 10 Worksheet Points Grade <Numeric MaxPoints:1 Weight:9.0909091 Category:Worksheets CategoryWeight:5>,Week 11 Worksheet Points Grade <Numeric MaxPoints:1 Weight:9.0909091 Category:Worksheets CategoryWeight:5>,Week 12 Worksheet Points Grade <Numeric MaxPoints:1 Weight:9.0909091 Category:Worksheets CategoryWeight:5>,Week 13 Worksheet Points Grade <Numeric MaxPoints:1 Weight:9.0909091 Category:Worksheets CategoryWeight:5>,Worksheets Subtotal Numerator,Worksheets Subtotal Denominator,Week 1 Critical Thinking Question Points Grade <Numeric MaxPoints:8 Weight:9.090909093 Category:Critical Thinking Questions CategoryWeight:15>,Week 2 Critical Thinking Question Points Grade <Numeric MaxPoints:8 Weight:9.090909093 Category:Critical Thinking Questions CategoryWeight:15>,Week 3 Critical Thinking Question Points Grade <Numeric MaxPoints:15 Weight:9.090909093 Category:Critical Thinking Questions CategoryWeight:15>,Week 4 Critical Thinking Question Points Grade <Numeric MaxPoints:15 Weight:9.090909093 Category:Critical Thinking Questions CategoryWeight:15>,Week 7 Critical Thinking Question Points Grade <Numeric MaxPoints:12 Weight:9.090909093 Category:Critical Thinking Questions CategoryWeight:15>,Week 8 Critical Thinking Question Points Grade <Numeric MaxPoints:13 Weight:9.090909093 Category:Critical Thinking Questions CategoryWeight:15>,Week 9 Critical Thinking Question Points Grade <Numeric MaxPoints:9 Weight:9.090909093 Category:Critical Thinking Questions CategoryWeight:15>,Week 10 Critical Thinking Question Points Grade <Numeric MaxPoints:10 Weight:9.090909093 Category:Critical Thinking Questions CategoryWeight:15>,Week 11 Critical Thinking Question Points Grade <Numeric MaxPoints:10 Weight:9.090909093 Category:Critical Thinking Questions CategoryWeight:15>,Week 12 Critical Thnking Question Points Grade <Numeric MaxPoints:20 Weight:9.090909093 Category:Critical Thinking Questions CategoryWeight:15>,Week 13 Critical Thinking Question Points Grade <Numeric MaxPoints:17 Weight:9.090909093 Category:Critical Thinking Questions CategoryWeight:15>,Critical Thinking Questions Subtotal Numerator,Critical Thinking Questions Subtotal Denominator,Midterm Oct 19 Points Grade <Numeric MaxPoints:40 Weight:25>,Final exam Points Grade <Numeric MaxPoints:87 Weight:50>,Calculated Final Grade Numerator,Calculated Final Grade Denominator,Adjusted Final Grade Numerator,Adjusted Final Grade Denominator,End-of-Line Indicator,Unnamed: 48,Final bigger weight,Final Grade /87,,,,,,,,
#20175676,#20175676,1,1,,1,,1,1,,1,1,,,3.181818182,5,1,,,,1,1,1,1,1,,1,3.5,5,7,8,12,0,0,5,3,0,0,7,3,5.879128959,15,27.5,40.5,29.74844714,100,,,#,FALSE,49.91890169,52.76,52.76,,FALSE,,FALSE,,,
#20636488,#20636488,1,1,1,1,1,1,1,1,,1,1,1,5,5,1,1,1,1,1,1,,1,1,1,1,5,5,8,8,13,14.5,11.5,0,7,9.5,6,17,14.5,13.23357843,15,26,48.5,39.48357843,100,,,#,FALSE,65.80460116,67.04,67.04,,FALSE,,FALSE,,,
#20670525,#20670525,1,1,1,1,1,1,,,1,,,,3.181818182,5,,1,,1,,,,,,1,1,2,5,0,8,10,11.5,0,0,0,0,4,16,0,5.45,15,13.7,17.5,19.19431818,100,,,#,TRUE,27.34204545,29.14,29.14,,FALSE,,TRUE,,,
#20720736,#20720736,1,,,,1,1,1,,,,1,1,2.727272727,5,1,1,,1,1,1,1,,,,1,3.5,5,4.5,8,0,12.5,12,0,5,0,0,0,9.5,6.765318627,15,10,26.5,19.24259136,100,,,#,TRUE,34.93861408,34.30,34.94,,TRUE,,TRUE,,,
#20729953,#20729953,1,1,1,1,1,1,1,1,1,1,1,1,5,5,1,1,1,1,1,1,1,1,1,1,1,5,5,7,7,11,12,11.5,7.5,4,8,6.5,16,16,12.01464932,15,32.5,66,42.32714932,100,,,#,FALSE,79.04589932,79.83,79.83,,FALSE,,FALSE,,,
#20729977,#20729977,1,1,1,1,1,1,1,1,1,1,1,1,5,5,1,1,1,1,1,1,1,1,1,1,1,5,5,4.5,6,12,7.5,11.5,3,6.5,3,4,7,17,9.514583333,15,18,29.5,30.76458333,100,,,#,TRUE,46.09128788,47.53,47.53,,FALSE,,TRUE,,,
#20741406,#20741406,1,1,,1,1,1,1,1,1,1,1,1,5,5,1,1,1,1,1,1,1,1,1,1,1,5,5,5,4,12,11.5,9.5,4,3.5,0,5,15,16.5,9.600754148,15,26.5,56.5,36.16325415,100,,,#,FALSE,68.00984506,68.27,68.27,,FALSE,,FALSE,,,
#20757514,#20757514,1,1,1,,,1,,,,1,,,2.272727273,5,1,,,,,,1,,,,,1,5,6,8,0,0,9,0,0,0,0,18,0,5.1,15,20.5,,21.18522727,100,,,#,TRUE,14.77897727,21.19,21.19,,FALSE,,TRUE,,,
#20771402,#20771402,1,1,1,1,1,1,,,1,1,,,3.636363636,5,1,1,,1,1,,,,,,,2,5,6.5,7,11,0,8.5,0,0,0,0,0,0,4.69375,15,19,52,22.20511364,100,,,#,FALSE,53.19943182,51.75,53.20,,TRUE,,FALSE,,,
#20771536,#20771536,1,1,1,,1,1,,,,,,,2.272727273,5,1,1,,1,,,,,1,1,,2.5,5,7,5,0,13.5,9,1,3.5,1.5,0,15,2,6.950188537,15,13.5,,20.16041581,100,,,#,TRUE,15.94166581,20.16,20.16,,FALSE,,TRUE,,,
#20771768,#20771768,1,,1,1,1,1,1,1,1,1,1,1,5,5,1,1,1,1,1,1,1,1,1,1,1,5,5,7,8,16,14,10,7.5,4.5,9,9,17,15,13.22641403,15,31.5,44.5,42.91391403,100,,,#,FALSE,64.67527767,68.20,68.20,,FALSE,,FALSE,,,
#20778473,#20778473,1,,,,,1,,1,1,1,,1,2.727272727,5,1,1,1,1,1,1,1,1,1,1,1,5,5,8,8,13,14,12,9.5,5.5,9,10,15.5,16,13.72041855,15,37.5,80.5,44.88519128,100,,,#,FALSE,90.33973673,90.62,90.62,,FALSE,,FALSE,,,
#20778550,#20778550,,,1,1,,1,1,1,1,,1,1,3.636363636,5,1,1,,1,1,1,1,1,1,1,1,5,5,7.5,8,11,14,11,0,6,7.5,6,18,18,12.74448529,15,27,60.5,38.25584893,100,,,#,FALSE,72.78709893,72.63,72.79,,TRUE,,FALSE,,,
#20780623,#20780623,,1,1,1,,1,1,1,,1,,,3.181818182,5,1,,1,1,1,1,,1,1,,1,4,5,0,7,8,8.5,7.5,4,5.5,4,4,16,14,8.913499246,15,25,28.5,31.72031743,100,,,#,TRUE,44.1492947,47.91,47.91,,FALSE,,TRUE,,,
#20782219,#20782219,,1,1,1,1,1,1,1,1,1,1,1,5,5,1,1,1,1,1,1,1,,1,1,1,5,5,6.5,8,15,10.5,10.5,0,6,7,7,16.5,18,12.50698529,15,28,63.5,40.00698529,100,,,#,FALSE,76.35641711,76.09,76.36,,TRUE,,FALSE,,,
#20788908,#20788908,1,1,1,1,1,1,1,1,1,1,1,1,5,5,1,1,1,1,1,1,,1,1,1,1,5,5,7,8,9,8.5,10,5.5,6,6.5,1,10,17,10.67211539,15,11,17.5,27.54711539,100,,,#,TRUE,36.53859266,37.49,37.49,,FALSE,,TRUE,,,
#20792394,#20792394,1,1,1,1,1,1,1,1,1,1,1,1,5,5,1,1,1,1,,1,1,1,1,1,1,5,5,0,7.5,,15,6.5,10.5,4.5,5.5,8.5,14,16,10.24205317,15,34.5,64.5,41.80455317,100,,,#,FALSE,76.83296226,78.45,78.45,,FALSE,,FALSE,,,
#20794024,#20794024,1,,1,1,,1,1,1,,,,,2.727272727,5,,1,1,1,1,1,1,1,1,1,1,5,5,5,5,7,4.5,8,9.5,3.5,3,5.5,7,8,7.760369532,15,7.5,6.5,20.17514226,100,,,#,TRUE,22.44786953,23.87,23.87,,FALSE,,TRUE,,,
#20797438,#20797438,1,,,,,1,,,,,,,0.909090909,5,1,,,,,,,,,,,0.5,5,5,0,0,0,,0,0,0,0,0,0,0.9375,15,13,29.5,10.47159091,100,,,#,TRUE,27.36079545,27.23,27.36,,TRUE,,TRUE,,,
#20799660,#20799660,1,1,1,1,,1,1,1,1,1,1,1,5,5,1,1,1,1,1,1,1,1,1,,,4.5,5,7,8,11,13,9.5,9,4.5,6.5,4,12,17,11.56346154,15,22,57,34.81346154,100,,,#,FALSE,68.42141609,67.20,68.42,,TRUE,,FALSE,,,
#20801399,#20801399,1,1,1,1,1,1,1,1,1,1,1,1,5,5,1,1,1,1,,1,1,1,1,1,1,5,5,7,8,13.5,15,9,7,0,9,4,20,16.5,12.50107466,15,34,71.5,43.75107466,100,,,#,FALSE,83.90732466,84.38,84.38,,FALSE,,FALSE,,,
#20814712,#20814712,1,1,1,1,1,1,1,1,1,1,1,1,5,5,1,1,1,1,1,1,1,1,1,1,1,5,5,6.5,7,13,15,7.5,9,5.5,10,6.5,16,15,12.30574095,15,28,60,39.80574095,100,,,#,FALSE,73.66937731,73.90,73.90,,FALSE,,FALSE,,,
#20818722,#20818722,1,1,1,1,1,1,1,1,1,1,1,1,5,5,1,1,1,1,,1,1,1,1,1,1,5,5,2,8,12,15,7.5,11,8.5,6,5,17,9,11.54251508,15,28,51.5,39.04251508,100,,,#,FALSE,66.86921963,68.30,68.30,,FALSE,,FALSE,,,
#20818782,#20818782,1,1,1,1,1,1,1,1,1,1,1,1,5,5,1,1,1,1,1,1,1,1,1,1,1,5,5,6,8,12,8.5,8,8.5,4,5,2,13,14.5,10.32684766,15,21,38,33.45184766,100,,,#,TRUE,53.87798402,55.04,55.04,,FALSE,,TRUE,,,
#20819867,#20819867,1,1,1,1,1,1,1,1,,1,1,1,5,5,1,1,1,1,1,1,1,1,1,1,1,5,5,0,5.5,9.5,7,8.5,0,4.5,2.5,5,14,15,7.992279412,15,14.5,35.5,27.05477941,100,,,#,TRUE,47.73659759,47.23,47.74,,TRUE,,TRUE,,,
#20820689,#20820689,1,1,1,1,1,1,,1,1,,1,1,4.545454545,5,1,1,1,1,1,1,1,1,,1,1,5,5,0,7,12,9.5,8,6,3.5,6.5,4,15,15,9.761670437,15,28.5,43.5,37.11962498,100,,,#,FALSE,59.10826135,61.84,61.84,,FALSE,,FALSE,,,
#20820864,#20820864,1,1,1,1,1,1,1,1,1,1,1,,5,5,1,1,1,,1,1,1,1,1,1,1,5,5,4,4,10,6.5,11,0,4,6,6,9,13,8.81372549,15,23.5,64,33.50122549,100,,,#,FALSE,71.61202094,69.86,71.61,,TRUE,,FALSE,,,
#20822819,#20822819,1,1,,1,1,1,1,1,1,1,1,1,5,5,1,1,1,1,1,1,1,1,1,1,1,5,5,7.5,7.5,7,13,,11,5,6.5,4,13,8,10.17094646,15,24,46.5,35.17094646,100,,,#,FALSE,60.69651464,61.59,61.59,,FALSE,,FALSE,,,
#20823437,#20823437,1,1,1,1,1,1,,1,,1,1,1,4.545454545,5,1,1,1,1,1,1,,1,1,1,1,5,5,7,7.5,5,11,5,0,5,3,1,11,0,7.202083333,15,13.5,39.5,25.18503788,100,,,#,TRUE,49.02026515,47.63,49.02,,TRUE,,TRUE,,,
#20824106,#20824106,,,,,,1,,,,,,,0.454545455,5,1,1,1,1,1,1,1,1,1,1,1,5,5,7,6.5,0,11,7.5,8.5,6,7,6,7,16,10.43628394,15,24,37.5,30.89082939,100,,,#,TRUE,50.02435212,52.20,52.20,,FALSE,,TRUE,,,
#20825599,#20825599,1,1,1,1,1,1,1,1,1,1,1,1,5,5,1,1,1,1,1,1,1,1,1,1,1,5,5,4.5,3,11,11,8,9.5,4.5,7.5,7,11,16,10.30166855,15,24,51.5,35.30166855,100,,,#,FALSE,64.3783731,64.56,64.56,,FALSE,,FALSE,,,
#20825629,#20825629,1,1,1,1,1,1,1,1,1,1,1,1,5,5,1,1,1,1,1,1,,1,1,1,1,5,5,8,6.5,12.5,14,7.5,2,6.5,7.5,6.5,15,12,11.67340686,15,23.5,69,36.36090686,100,,,#,FALSE,78.02283868,75.57,78.02,,TRUE,,FALSE,,,
#20826380,#20826380,1,1,1,1,1,1,,1,1,1,1,1,5,5,1,1,1,1,1,1,1,1,1,1,1,5,5,5.5,7,13,14.5,9,10.5,6,7.5,9,17,17.5,12.72440611,15,30,75.5,41.47440611,100,,,#,FALSE,85.7215652,84.37,85.72,,TRUE,,FALSE,,,
#20826623,#20826623,1,1,1,1,1,1,1,1,1,1,,1,5,5,1,1,1,1,1,1,1,1,1,1,1,5,5,6.5,8,10,10,7,2,0,7.5,3.5,9,9.5,8.987754525,15,20,27.5,31.48775453,100,,,#,TRUE,44.76900453,47.11,47.11,,FALSE,,TRUE,,,
#20827315,#20827315,1,1,1,1,,1,1,1,1,1,1,1,5,5,1,1,1,1,1,1,1,,1,,1,4.5,5,5.5,5.5,8,13,10,11.5,6,7,7.5,18,9,11.26442308,15,22,71,34.51442308,100,,,#,FALSE,78.06555944,74.86,78.07,,TRUE,,FALSE,,,
#20828794,#20828794,1,1,1,1,1,1,1,1,1,1,1,1,5,5,1,1,1,1,1,1,1,1,1,1,,5,5,7,7.5,13,13,10.5,5.5,5,6.5,6,13,18,11.90281863,15,34,74,43.15281863,100,,,#,FALSE,85.08463681,85.20,85.20,,FALSE,,FALSE,,,
#20830105,#20830105,1,1,1,1,1,1,,1,1,1,1,1,5,5,1,1,1,1,1,1,1,1,1,1,1,5,5,8,6.5,14,12.5,11.5,11,8.5,8.5,8.5,20,18,13.91163273,15,38.5,72,47.97413273,100,,,#,FALSE,87.07924637,88.88,88.88,,FALSE,,FALSE,,,
#20830394,#20830394,1,1,1,1,1,1,,1,1,1,1,1,5,5,1,1,1,1,1,1,1,1,1,1,1,5,5,0,7.5,15,11.5,12,12.5,8.5,10,6,16,18,13.60345965,15,32.5,77,43.91595965,100,,,#,FALSE,88.44720965,87.67,88.45,,TRUE,,FALSE,,,
#20830954,#20830954,1,1,1,1,,1,1,1,1,1,1,1,5,5,1,1,1,1,1,1,1,1,1,1,1,5,5,6.5,8,15,0,0,8.5,4,0,5,17,13,9.038244721,15,30.5,55.5,38.10074472,100,,,#,FALSE,67.98710836,69.63,69.63,,FALSE,,FALSE,,,
#20831230,#20831230,1,1,1,1,1,1,,1,1,1,1,1,5,5,1,1,1,1,1,1,,1,1,1,1,5,5,8,7.5,13,13.5,0,13,7.5,9,8,16,17.5,13.60036765,15,35,77,45.47536765,100,,,#,FALSE,89.22536765,89.23,89.23,,FALSE,,FALSE,,,
#20832237,#20832237,1,1,1,1,1,1,1,1,1,1,1,1,5,5,1,1,1,1,1,1,1,1,1,1,1,5,5,0,7,16.5,12.5,12,9.5,6,10,7,18,17.5,13.25277149,15,34,69,44.50277149,100,,,#,FALSE,82.88345331,83.71,83.71,,FALSE,,FALSE,,,
#20832692,#20832692,1,1,1,1,,1,1,1,1,1,1,1,5,5,1,1,1,1,1,1,1,1,1,1,1,5,5,4.5,5.5,12,14.5,11.5,9.5,8.5,6,5,16,9.5,11.41355581,15,30.5,48,40.47605581,100,,,#,FALSE,65.0357149,67.75,67.75,,FALSE,,FALSE,,,
#20833027,#20833027,1,1,1,,,1,1,,1,1,1,1,4.090909091,5,1,1,1,1,1,1,1,,1,1,1,5,5,0,6.5,0,0,7.5,0,4.5,0,1.5,0,4.5,3.528308824,15,1,20.5,13.24421792,100,,,#,TRUE,27.49137701,24.89,27.49,,TRUE,,TRUE,,,
#20833237,#20833237,1,1,1,1,1,1,1,1,1,1,1,1,5,5,1,1,1,1,1,1,1,1,1,1,1,5,5,6.5,6,14,14.5,11.5,8.5,6.5,6.5,8,10,17,12.37035256,15,32,75,42.37035256,100,,,#,FALSE,85.63739801,84.98,85.64,,TRUE,,FALSE,,,
#20834572,#20834572,1,1,1,1,1,1,1,1,1,1,1,,5,5,1,1,1,1,1,,1,1,1,1,1,5,5,0,6,14,11.5,9,6,0,7.5,4,17,14,9.72760181,15,26.5,46.5,36.29010181,100,,,#,FALSE,61.03441999,62.71,62.71,,FALSE,,FALSE,,,
#20834730,#20834730,1,1,1,1,,1,,,,,,,2.272727273,5,1,1,1,1,,,,1,1,,1,3.5,5,4.5,7.5,0,12.5,11.5,0,0,6,2,4.5,0,6.475,15,16.5,23.5,22.56022727,100,,,#,TRUE,34.09431818,35.91,35.91,,FALSE,,TRUE,,,
#20835786,#20835786,1,1,1,1,1,1,1,1,1,1,1,,5,5,1,1,1,1,1,1,1,1,1,1,1,5,5,7,8,16,13,11,11.5,9,9.5,7,,16,13.80118778,15,32,58.5,43.80118778,100,,,#,FALSE,75.34948323,77.04,77.04,,FALSE,,FALSE,,,
#20836411,#20836411,1,1,1,1,1,1,1,,1,1,,,4.090909091,5,1,1,,1,,,,,,,,1.5,5,7.5,7.5,0,0,6.5,0,0,7,6,12,16,7.886764706,15,25.5,46,29.4151738,100,,,#,FALSE,54.11687834,55.55,55.55,,FALSE,,FALSE,,,
#20836555,#20836555,1,1,1,,1,1,1,1,1,1,1,,4.545454545,5,1,1,1,1,1,1,1,1,1,1,,5,5,6,8,14,13,8.5,10.5,6.5,7.5,5,17,10,11.96472474,15,27.5,57.5,38.69767928,100,,,#,FALSE,70.94199747,71.37,71.37,,FALSE,,FALSE,,,
#20836588,#20836588,1,1,1,1,1,1,1,1,1,1,1,1,5,5,1,1,1,1,1,1,1,1,1,1,1,5,5,7.5,7,9,12.5,10.5,7.5,6,7,6,12,17,11.53125,15,25,66.5,37.15625,100,,,#,FALSE,76.57386364,74.94,76.57,,TRUE,,FALSE,,,
#20836851,#20836851,1,1,1,1,1,1,1,1,1,1,1,1,5,5,1,1,1,1,1,1,1,1,1,1,1,5,5,7.5,7,12,12,10.5,6.5,5,8,4,13.5,18,11.81531863,15,19,33,33.69031863,100,,,#,TRUE,51.19031863,52.44,52.44,,FALSE,,TRUE,,,
#20837061,#20837061,1,1,1,1,1,1,1,1,1,1,1,1,5,5,1,1,1,1,1,1,1,1,1,1,1,5,5,7.5,7.5,12,12.5,10.5,9.5,6.5,6.5,7,15.5,12,12.02581071,15,24.5,47.5,37.33831071,100,,,#,FALSE,63.41785616,64.33,64.33,,FALSE,,FALSE,,,
#20837123,#20837123,1,1,1,1,1,1,1,,1,1,1,1,5,5,1,1,1,1,1,1,1,,1,1,1,5,5,4.5,7,11,11.5,11.5,9.5,5.5,7,10,16,17.5,12.30693816,15,22.5,51,36.36943816,100,,,#,FALSE,65.55977907,65.35,65.56,,TRUE,,FALSE,,,
#20837952,#20837952,1,1,1,1,,1,1,1,1,1,1,,4.545454545,5,1,1,1,,1,1,1,1,1,1,1,5,5,8,7.5,13,9,12,10,5,8.5,6,14,18,12.57333145,15,24.5,61.5,37.43128599,100,,,#,FALSE,73.45401327,72.37,73.45,,TRUE,,FALSE,,,
#20838182,#20838182,1,1,1,1,1,1,,1,1,1,1,1,5,5,1,1,1,1,1,1,1,1,1,1,1,5,5,0,7.5,15,12.5,12,13,6.5,10,9.5,20,17,14.16458333,15,34.5,78.5,45.72708333,100,,,#,FALSE,90.69867424,90.33,90.70,,TRUE,,FALSE,,,
#20838697,#20838697,1,1,1,1,1,1,,1,1,1,1,1,5,5,1,1,1,1,1,1,,1,1,1,1,5,5,4.5,7,10,14,9,7,0,7,7,12,16.5,10.94482466,15,31.5,56.5,40.63232466,100,,,#,FALSE,70.91641557,72.73,72.73,,FALSE,,FALSE,,,
#20838773,#20838773,1,1,1,1,,1,1,,,,,,2.727272727,5,1,1,0,,,,,,,,,1,5,8,7,11,10,0,0,0,0,0,0,0,4.9125,15,34,78,29.88977273,100,,,#,FALSE,74.6625,74.21,74.66,,TRUE,,FALSE,,,
#20838795,#20838795,1,1,1,1,,1,1,,,,,,2.727272727,5,1,1,1,,1,1,1,1,,1,1,4.5,5,5,8,10,14.5,8,0,6.5,9.5,5.5,14,16,11.68259804,15,27.5,58.5,36.09737077,100,,,#,FALSE,69.05191622,69.34,69.34,,FALSE,,FALSE,,,
#20840229,#20840229,1,1,1,1,1,1,1,1,1,1,,1,5,5,1,1,1,1,1,1,1,1,1,1,1,5,5,8,7.5,11,13.5,8,8.5,6,8,5,18,17,12.38701923,15,26,65,38.63701923,100,,,#,FALSE,76.67679196,75.57,76.68,,TRUE,,FALSE,,,
#20840840,#20840840,,1,1,1,1,1,,,,1,,,2.727272727,5,1,1,1,1,1,,,,,,,2.5,5,6.5,6.5,12,14,8.5,0,0,0,0,0,0,6.1,15,26,58.5,27.57727273,100,,,#,FALSE,61.00056818,60.82,61.00,,TRUE,,FALSE,,,
#20840850,#20840850,1,1,1,1,1,1,,1,1,1,1,,4.545454545,5,1,1,1,1,1,1,1,1,1,1,1,5,5,6,7,12,0,9.5,10,0,3.5,0,12,13,8.550904977,15,25.5,29.5,34.03385952,100,,,#,TRUE,47.01681407,50.80,50.80,,FALSE,,TRUE,,,
#20841069,#20841069,1,1,1,1,1,1,1,1,1,1,1,1,5,5,1,1,1,1,1,1,1,1,1,1,1,5,5,5,7.5,10,12,7.5,6,3,8.5,4,13,16,10.4353224,15,24.5,58.5,35.7478224,100,,,#,FALSE,69.63986785,68.99,69.64,,TRUE,,FALSE,,,
#20841792,#20841792,1,,,,1,1,1,1,1,,,,2.727272727,5,1,,,,,1,1,,1,,,2,5,4.5,0,0,0,0,0,4.5,3.5,0,10,0,2.86875,15,20,,20.09602273,100,,,#,TRUE,13.84602273,20.10,20.10,,FALSE,,TRUE,,,
#20841926,#20841926,1,1,1,1,,1,,,,1,1,1,3.636363636,5,1,1,,,1,1,,1,1,1,1,4,5,4.5,5.5,7,8,0,0,2.5,0,5,12,11,6.412254902,15,12.5,23.5,21.86111854,100,,,#,TRUE,34.64520945,35.21,35.21,,FALSE,,TRUE,,,
#20842764,#20842764,1,1,1,1,1,1,1,1,1,1,1,1,5,5,1,1,1,1,1,1,1,1,1,1,1,5,5,8,7,15,12.5,11.5,11,4.5,7.5,8,14,14,12.87952489,15,28,75.5,40.37952489,100,,,#,FALSE,85.25168398,83.28,85.25,,TRUE,,FALSE,,,
#20842994,#20842994,1,1,1,1,,1,1,1,1,,1,,4.090909091,5,1,,1,,1,,,1,,,,2,5,4.5,6.5,13,6.5,8.5,0,1.5,6.5,4,12,10,8.682352941,15,15.5,32,24.46076203,100,,,#,TRUE,42.34428476,42.64,42.64,,FALSE,,TRUE,,,
#20843109,#20843109,1,1,1,1,1,1,1,1,1,1,1,1,5,5,1,1,1,1,1,1,1,1,1,1,1,5,5,7,7.5,13,11.5,0,10,5.5,8.5,7,13,16,11.95102753,15,25,50.5,37.57602753,100,,,#,FALSE,65.6300048,66.27,66.27,,FALSE,,FALSE,,,
#20843288,#20843288,1,1,1,1,1,1,1,1,1,1,,1,5,5,,1,1,1,1,1,,,1,1,1,4,5,7.5,7.5,7,10.5,11,9,1,0,5,13,7,9.485275264,15,23,58,32.86027526,100,,,#,FALSE,66.86595708,65.81,66.87,,TRUE,,FALSE,,,
#20843317,#20843317,1,1,1,1,1,1,,,1,,,,3.181818182,5,1,1,1,,,,,,,1,,2,5,6.5,7.5,12,13.5,6,0,0,5.5,0,0,0,6.75,15,21.5,50.5,25.36931818,100,,,#,FALSE,54.51704545,54.06,54.52,,TRUE,,FALSE,,,
#20843609,#20843609,1,1,1,,1,1,,1,1,1,1,1,4.545454545,5,1,1,,1,1,1,1,1,,1,1,4.5,5,6,6,10,0,10,9.5,5.5,5.5,5,14,16.5,10.59370287,15,16.5,37,29.95165741,100,,,#,TRUE,51.07381651,50.97,51.07,,TRUE,,TRUE,,,
#20843682,#20843682,1,1,1,1,1,1,,,,1,,,3.181818182,5,,1,1,1,,,1,,1,,1,3,5,7.5,8,7,0,9,0,0,0,2,18,0,6.38125,15,23,,26.93806818,100,,,#,TRUE,19.75056818,26.94,26.94,,FALSE,,TRUE,,,
#20845293,#20845293,1,1,1,1,1,1,1,1,1,1,1,,5,5,1,1,1,1,1,,,,,,1,3,5,6,7,8,10,0,0,0,2,0,0,0,4.5375,15,14.5,24,21.6,100,,,#,TRUE,34.11420455,35.24,35.24,,FALSE,,TRUE,,,
#20845449,#20845449,1,1,1,1,1,1,1,1,1,1,1,,5,5,1,1,1,1,1,1,1,1,1,1,1,5,5,6,5.5,9.5,13,9.5,10.5,,5,3,12,11,9.875876697,15,27,48,36.7508767,100,,,#,FALSE,62.40428579,64.02,64.02,,FALSE,,FALSE,,,
#20846138,#20846138,,1,1,1,1,,1,1,1,1,1,1,4.545454545,5,1,1,1,1,1,1,1,1,1,1,1,5,5,7.5,6,13,13,9.5,7.5,5,6,0,15,13,11.18952677,15,15.5,48,30.42248132,100,,,#,FALSE,59.66964041,57.70,59.67,,TRUE,,FALSE,,,
#20847833,#20847833,1,1,1,1,1,1,1,1,1,1,1,1,5,5,1,1,1,1,,1,1,1,1,1,1,5,5,6,7.5,16,0,11,11,5,8.5,5.5,17,17,12.4838141,15,30.5,60.5,41.5463141,100,,,#,FALSE,74.9838141,75.92,75.92,,FALSE,,FALSE,,,
#20849574,#20849574,1,1,1,1,1,1,1,,1,1,1,,4.545454545,5,1,1,1,,1,1,1,,1,1,1,4.5,5,7,7.5,7,13,8.5,8,7.5,8,2,14,11,11.17491516,15,25,39.5,35.8453697,100,,,#,TRUE,56.08684698,58.29,58.29,,FALSE,,TRUE,,,
#20851028,#20851028,1,1,1,1,1,1,1,1,,1,1,1,5,5,1,1,0,1,1,1,1,1,1,1,1,5,5,7,8,11.5,10,6.5,4,5.5,0,3,15,11,9.698793363,15,19.5,44,31.88629336,100,,,#,FALSE,57.04254336,56.89,57.04,,TRUE,,FALSE,,,
#20851137,#20851137,1,1,1,1,1,1,1,1,1,1,1,1,5,5,1,1,1,1,1,1,1,1,1,1,1,5,5,6,8,17,15,11.5,8.5,0,10,10,17,17,14.01826923,15,32.5,64,44.33076923,100,,,#,FALSE,79.62906468,80.69,80.69,,FALSE,,FALSE,,,
#20852274,#20852274,1,1,1,,,1,1,1,,1,,,3.181818182,5,1,1,0,,1,,1,,1,1,1,3.5,5,8,5.5,7,0,0,0,0,0,0,0,0,3.23125,15,20.5,34,22.72556818,100,,,#,TRUE,40.46704545,42.04,42.04,,FALSE,,TRUE,,,
#20854175,#20854175,1,1,1,1,1,1,1,,1,1,1,1,5,5,1,1,1,1,1,1,1,1,1,1,1,5,5,8,8,12,7,11,0,5,8.5,5,14,11,11.15392157,15,30,55.5,39.90392157,100,,,#,FALSE,69.94653521,71.44,71.44,,FALSE,,FALSE,,,
#20855879,#20855879,1,1,,1,,1,,1,1,1,,,3.181818182,5,,,1,,,1,,,1,,1,2,5,0,0,0,0,0,0,0,,0,0,0,0,15,16.5,42.5,15.49431818,100,,,#,TRUE,40.52272727,39.64,40.52,,TRUE,,TRUE,,,
#20856950,#20856950,1,1,1,1,1,1,1,1,1,,1,1,5,5,1,1,1,1,1,1,1,,1,1,1,5,5,5.5,7,11,14.5,10.5,10,5.5,7,6.5,13,0,11.27676282,15,29,65,39.40176282,100,,,#,FALSE,76.50403555,76.33,76.50,,TRUE,,FALSE,,,
#20857141,#20857141,1,1,,1,1,1,,1,1,,1,1,4.090909091,5,1,1,,,1,1,1,,,1,,3,5,5.5,7,15,0,9.5,12,6.5,6,5,13,0,10.12419872,15,17,42,27.84010781,100,,,#,FALSE,52.35715327,51.70,52.36,,TRUE,,FALSE,,,
#20857932,#20857932,1,1,1,1,1,1,1,1,1,1,1,1,5,5,1,1,1,1,1,1,,1,1,1,1,5,5,6,7.5,13,13,12.5,11.5,3.5,2.5,5,13,15,11.65253582,15,31.5,54.5,41.34003582,100,,,#,FALSE,70.20367218,72.31,72.31,,FALSE,,FALSE,,,
#20858436,#20858436,1,1,1,1,1,1,1,,,1,1,,4.090909091,5,1,1,,1,1,1,,,1,,,3,5,6.5,5.5,12,9.5,0,0,7.5,0,7.5,17,0,8.05,15,19.5,,27.32840909,100,,,#,TRUE,21.23465909,27.33,27.33,,FALSE,,TRUE,,,
#20869898,#20869898,1,1,1,1,1,1,,1,1,1,1,1,5,5,1,1,1,1,1,1,,1,1,1,1,5,5,2,7,10,13,7.5,9.5,6.5,3,2,14,5.5,9.089781297,15,12.5,25,26.9022813,100,,,#,TRUE,40.75171312,41.11,41.11,,FALSE,,TRUE,,,
#20869945,#20869945,1,1,1,1,1,1,,1,1,1,1,1,5,5,1,1,1,1,1,1,1,,1,1,1,5,5,5,7,13,10.5,8.5,9.5,5.5,5.5,3.5,12,7,10.01796757,15,18.5,41.5,31.58046757,100,,,#,FALSE,55.27364939,55.16,55.27,,TRUE,,FALSE,,,
#20872999,#20872999,1,1,1,1,1,1,1,1,1,1,1,,5,5,1,1,1,1,1,1,1,1,1,1,1,5,5,8,8,15,12.5,10.5,12.5,4,0,6.5,19.5,15,12.93250377,15,29,58,41.05750377,100,,,#,FALSE,73.18818559,74.01,74.01,,FALSE,,FALSE,,,
#20873953,#20873953,1,1,1,,,1,1,1,1,1,1,1,4.545454545,5,1,1,1,1,,1,1,,1,1,,4,5,7.5,7.5,7,6,0,2.5,4,7,2.5,0,7,7.110275264,15,15,41,25.03072981,100,,,#,TRUE,49.46254799,48.33,49.46,,TRUE,,TRUE,,,
#20875576,#20875576,,1,1,1,1,1,1,1,1,1,1,1,5,5,1,1,1,1,1,1,1,1,1,1,1,5,5,7,6,10.5,0,11.5,8,0,7,3,17,14.5,9.902488688,15,31,75,39.27748869,100,,,#,FALSE,82.85703414,81.89,82.86,,TRUE,,FALSE,,,
#20880387,#20880387,1,1,1,1,1,1,1,1,1,1,1,,5,5,1,1,1,1,1,1,1,1,1,1,1,5,5,6,6,6.5,11,11,8,5,8,4,16,18,11.11964555,15,29,68,39.24464555,100,,,#,FALSE,78.4776001,77.88,78.48,,TRUE,,FALSE,,,
#20881388,#20881388,1,1,1,1,1,1,1,1,,,1,1,4.545454545,5,1,1,1,1,1,1,1,1,1,1,1,5,5,6,4,0,14,13.5,8,5,8,4.5,0,0,8.593910256,15,27.5,65,35.3268648,100,,,#,FALSE,72.89788753,72.26,72.90,,TRUE,,FALSE,,,
#20884708,#20884708,1,1,1,,,,1,1,,,,,2.272727273,5,,1,1,,1,1,1,,,,,2.5,5,6,5,0,8,0,7.5,0,0,3,0,0,4.177884615,15,14.5,22,18.01311189,100,,,#,TRUE,29.10686189,30.51,30.51,,FALSE,,TRUE,,,
#20886250,#20886250,1,1,1,1,1,1,1,1,1,1,1,1,5,5,1,1,1,1,1,1,1,1,1,1,1,5,5,5,6,14,15,11,12.5,6.5,8,8,17,15,12.92417044,15,34,78.5,44.17417044,100,,,#,FALSE,89.30201135,88.78,89.30,,TRUE,,FALSE,,,
#20888335,#20888335,1,1,1,1,1,1,1,1,1,1,1,,5,5,1,1,1,1,1,1,1,1,1,1,1,5,5,7,8,0,14.5,12,12.5,6.5,6,8.5,18,18,13.40137632,15,18,60.5,34.65137632,100,,,#,FALSE,71.99512632,69.03,72.00,,TRUE,,FALSE,,,
#20895308,#20895308,1,1,1,1,1,1,,1,1,1,1,1,5,5,1,1,1,1,1,1,1,1,1,1,1,5,5,8,7.5,14,14,11.5,10.5,6.5,9.5,9,18,16,13.89205317,15,27.5,76,41.07955317,100,,,#,FALSE,86.4630759,84.26,86.46,,TRUE,,FALSE,,,
#20895840,#20895840,1,1,1,1,1,1,1,1,1,1,1,1,5,5,1,1,1,1,1,1,1,1,1,1,1,5,5,0,8,14,13,12,12.5,5.5,8.5,8.5,18,16.5,13.41485671,15,35.5,77,45.60235671,100,,,#,FALSE,89.19610671,89.35,89.35,,FALSE,,FALSE,,,
#20896710,#20896710,,,,,,1,,,,,,1,0.909090909,5,,1,,1,1,1,1,,,1,1,3.5,5,0,7,0,14.5,9,10.5,0,9.5,0,12,17,8.924038462,15,22,51.5,27.08312937,100,,,#,FALSE,56.78483392,56.34,56.78,,TRUE,,FALSE,,,
#20898005,#20898005,1,1,1,1,1,1,1,1,1,1,1,1,5,5,,,1,1,1,1,1,1,1,1,1,4.5,5,8,7,17,11,7.5,8,6.5,7,7,18,15,12.40686275,15,26.5,52.5,38.46936275,100,,,#,FALSE,67.47504457,68.30,68.30,,FALSE,,FALSE,,,
#20898315,#20898315,1,1,1,1,1,1,,1,1,1,1,1,5,5,1,1,1,1,1,1,1,1,1,1,,5,5,6.5,6,11,13.5,10.5,7.5,5,7.5,7,15,15,11.59516403,15,17.5,53,32.53266403,100,,,#,FALSE,64.70595948,62.65,64.71,,TRUE,,FALSE,,,
#20898665,#20898665,1,1,,1,1,1,1,1,1,1,1,1,5,5,1,1,1,1,1,1,1,1,1,1,1,5,5,7,8,17,15,13,10,5.5,8.5,10,18,15.5,14.28399321,15,29.5,87,42.72149321,100,,,#,FALSE,95.29251594,92.15,95.29,,TRUE,,FALSE,,,
#20898715,#20898715,1,1,1,1,1,1,1,1,1,1,1,1,5,5,1,1,1,1,1,1,1,1,1,1,1,5,5,5.5,8,12,14.5,12.5,10.5,7,8,10,16,18,13.57894042,15,30,68,42.32894042,100,,,#,FALSE,81.24939497,80.97,81.25,,TRUE,,FALSE,,,
#20900635,#20900635,1,1,1,1,1,1,,,,,1,,3.181818182,5,1,1,1,1,1,1,1,1,1,1,1,5,5,6,7.5,13,13.5,10.5,7,5.8,3,5,12,12,10.9769325,15,12,,26.65875069,100,,,#,TRUE,22.90875068,26.66,26.66,,FALSE,,TRUE,,,
#20901625,#20901625,1,1,,,,1,,,1,,,,1.818181818,5,1,,,1,,1,,,1,,1,2.5,5,8,0,0,0,6.5,0,5.5,0,3,13,0,4.654166667,15,10.5,,15.53484849,100,,,#,TRUE,12.25359849,15.53,15.53,,FALSE,,TRUE,,,
#20905889,#20905889,,1,1,1,1,1,1,1,,,1,1,4.090909091,5,1,1,1,1,,1,,,,1,1,3.5,5,7,6.5,13,14,0,6,5.5,4,4,15,14.5,10.44463612,15,28,69.5,35.53554522,100,,,#,FALSE,76.14634067,75.02,76.15,,TRUE,,FALSE,,,
#20905925,#20905925,1,1,1,1,1,1,1,1,1,1,1,,5,5,1,1,1,,1,,1,1,1,1,,4,5,3.5,7,8,12.5,9,0,5,7,5.5,15,13,10.12414216,15,23.5,39,33.81164216,100,,,#,TRUE,54.1667558,55.97,55.97,,FALSE,,TRUE,,,
#20906651,#20906651,1,1,1,1,1,1,1,1,1,1,,1,5,5,1,1,1,1,1,1,1,1,1,1,1,5,5,7,7,12,12,11,6,5.5,9,3,14,14,11.64426848,15,39,67,46.01926848,100,,,#,FALSE,81.41699575,84.09,84.09,,FALSE,,FALSE,,,
#20906706,#20906706,1,1,1,,1,1,1,1,1,1,,,4.090909091,5,1,1,,1,1,,1,1,1,1,1,4.5,5,8,7.5,9,11,8.5,9.5,0,0,7,18,10,10.34725679,15,22.5,53,33.00066588,100,,,#,FALSE,63.61146134,63.11,63.61,,TRUE,,FALSE,,,
#20910286,#20910286,1,1,1,1,1,1,,,1,1,1,1,4.545454545,5,1,1,,1,1,1,1,,1,1,1,4.5,5,5.5,6,12,8.5,12,10,5,6.5,6,16,15,11.25862557,15,13,47.5,28.42908011,100,,,#,FALSE,58.10237557,55.42,58.10,,TRUE,,FALSE,,,
#20915142,#20915142,1,1,1,1,1,1,1,,1,1,1,1,5,5,1,1,1,1,1,1,1,,1,1,1,5,5,6.5,7,11,12.5,9.5,6.5,3.5,6.5,0,12,15,10.60061275,15,22,29.5,34.35061275,100,,,#,TRUE,48.4273173,51.11,51.11,,FALSE,,TRUE,,,
#20918307,#20918307,1,1,,1,1,1,1,,1,1,1,1,4.545454545,5,1,,1,1,,,1,1,,,,2.5,5,6,7,0,0,7,5,5.5,4.5,3,7,0,6.456089744,15,4.7,8,16.43904429,100,,,#,TRUE,20.65211247,20.98,20.98,,FALSE,,TRUE,,,
#20926570,#20926570,,1,1,1,,1,1,1,1,1,1,1,4.545454545,5,1,1,1,1,1,,1,1,1,1,1,5,5,5.5,6,9,9.5,5,7,3,4,8,19.5,16,10.11320701,15,20,43,32.15866156,100,,,#,FALSE,56.44843428,56.59,56.59,,FALSE,,FALSE,,,
#20927934,#20927934,1,1,1,1,1,1,,1,1,1,1,1,5,5,,1,,1,1,1,1,1,1,1,1,4.5,5,8,7,13,9,12,7,5.5,9,6,18,14,12.26446078,15,29.5,73.5,40.20196078,100,,,#,FALSE,83.18491533,81.96,83.18,,TRUE,,FALSE,,,
#20929324,#20929324,1,1,1,1,1,1,1,1,1,,1,1,5,5,1,1,1,1,1,1,,1,1,,1,4.5,5,5.5,8,11,14,8.5,4.5,5,5,8.5,13,7,10.54473039,15,19,34.5,31.91973039,100,,,#,TRUE,50.4850713,51.52,51.52,,FALSE,,TRUE,,,
#20929988,#20929988,1,1,1,1,1,1,1,1,1,1,1,1,5,5,1,1,1,1,1,1,1,1,1,1,1,5,5,5.5,6,10,13,11,7,8.5,9,5,19,18,12.41884427,15,27,66,39.29384427,100,,,#,FALSE,77.73134427,76.79,77.73,,TRUE,,FALSE,,,
#20930301,#20930301,1,1,1,1,1,1,1,1,,1,1,1,5,5,1,1,1,1,1,1,1,1,1,1,1,5,5,3.5,6.5,0,12,9,6,6.5,5.5,3.5,17,7,9.218288084,15,19.5,37.5,31.40578808,100,,,#,TRUE,51.94556081,52.71,52.71,,FALSE,,TRUE,,,
#20934171,#20934171,1,1,1,1,1,1,1,1,1,1,1,1,5,5,1,1,1,1,1,1,1,1,1,,1,5,5,6,7.5,0,10,9,10.5,4.5,4,3.5,14,15,10.11631787,15,24,58,35.11631787,100,,,#,FALSE,68.80949969,68.07,68.81,,TRUE,,FALSE,,,
#20939006,#20939006,1,1,1,1,1,1,1,1,1,1,1,1,5,5,1,1,1,1,1,1,1,1,1,1,1,5,5,7,7,10,14,10.5,12.5,4.5,8.5,6,12,13.5,12.04598416,15,27,61.5,38.92098416,100,,,#,FALSE,74.16246143,73.86,74.16,,TRUE,,FALSE,,,
#20939397,#20939397,1,1,1,1,1,1,1,1,1,1,1,1,5,5,1,1,1,1,1,1,1,1,1,1,1,5,5,8,7.5,13,14.5,10.5,9.5,5,7.5,8,20,16,13.30166855,15,31,60.5,42.67666855,100,,,#,FALSE,75.95791855,77.05,77.05,,FALSE,,FALSE,,,
#20944850,#20944850,1,1,1,1,1,1,,1,1,1,1,1,5,5,1,1,1,1,1,1,1,1,1,1,1,5,5,3,8,12,13,10.5,8.5,6.5,6,7,17,16,12.01336727,15,24.5,63.5,37.32586727,100,,,#,FALSE,74.76904909,73.41,74.77,,TRUE,,FALSE,,,
#20945406,#20945406,1,1,1,1,1,1,1,1,1,1,1,1,5,5,1,1,1,1,1,1,1,1,1,1,1,5,5,5,7,13,12.5,7.5,10,6.5,7.5,5,14,0,10.89967949,15,19,60,32.77467949,100,,,#,FALSE,69.45081585,66.87,69.45,,TRUE,,FALSE,,,
#20946697,#20946697,1,1,1,1,1,1,1,,1,1,1,1,5,5,1,1,1,1,1,1,1,1,1,1,1,5,5,7.5,6,0,9,7,,8.5,7,6,17,12.5,10.05085784,15,8.5,25.5,25.36335784,100,,,#,TRUE,40.81790329,39.85,40.82,,TRUE,,TRUE,,,
#20946993,#20946993,1,1,1,1,1,1,1,1,1,1,1,1,5,5,1,1,1,1,1,1,1,1,1,1,1,5,5,6,7.5,14,12.5,10.5,5,7.5,10,6,18,16,12.90551471,15,22.5,53,36.96801471,100,,,#,FALSE,67.57881016,67.08,67.58,,TRUE,,FALSE,,,
#20947012,#20947012,1,1,1,1,1,1,1,,1,1,1,1,5,5,1,,1,1,1,1,1,1,1,1,1,5,5,7,7.5,14,0,11.5,8,4.5,4.5,4,15,12,10.68815045,15,19,43.5,32.56315045,100,,,#,FALSE,57.52053681,57.28,57.52,,TRUE,,FALSE,,,
#20947298,#20947298,1,1,1,1,1,1,,1,1,1,1,1,5,5,1,1,1,1,1,1,1,1,1,1,1,5,5,7.5,6.5,13,12.5,11.5,6.5,8,7,7.5,20,15,12.94436275,15,28,63,40.44436275,100,,,#,FALSE,76.43868093,76.24,76.44,,TRUE,,FALSE,,,
#20947366,#20947366,1,1,1,1,1,1,1,1,1,1,1,,5,5,1,1,1,1,1,1,1,1,1,1,1,5,5,7.5,6,13,15,13,13,8.5,7,10,15,16,13.90968137,15,27.5,72,41.09718137,100,,,#,FALSE,83.63979501,82.01,83.64,,TRUE,,FALSE,,,
#20948308,#20948308,1,1,1,1,1,1,,1,1,1,1,1,5,5,1,1,,1,1,,,,,,,2,5,7,7.5,9,8.5,8,0,2,5.5,1.5,0,10,7.734436275,15,13,4,22.85943628,100,,,#,TRUE,21.63784537,25.13,25.13,,FALSE,,TRUE,,,
#20948346,#20948346,1,1,1,1,1,1,1,,1,1,1,1,5,5,,,0,,1,,1,1,1,1,1,3,5,7,8,0,0,0,0,0,2,2,14,6,4.991911765,15,7,25,17.36691177,100,,,#,TRUE,32.93509358,31.57,32.94,,TRUE,,TRUE,,,
#20948348,#20948348,1,1,1,1,1,1,,1,1,1,1,1,5,5,1,1,1,1,1,1,1,1,1,1,1,5,5,6,6.5,11.5,14.5,11.5,7.5,7,4.5,5,15.5,15,11.64933069,15,23,52.5,36.02433069,100,,,#,FALSE,66.12376251,65.85,66.12,,TRUE,,FALSE,,,
#20948638,#20948638,1,1,1,1,1,1,1,1,1,1,1,1,5,5,,1,1,1,1,1,1,1,1,1,1,5,5,4,0,12,14.5,6,11.5,6.5,7.5,3.5,14,13,10.40731523,15,23.5,60.5,35.09481523,100,,,#,FALSE,70.71981523,69.47,70.72,,TRUE,,FALSE,,,
#20949736,#20949736,1,1,1,1,1,1,1,1,1,1,1,1,5,5,1,1,1,1,1,1,1,1,1,1,1,5,5,7,6.5,9,11,6,6.5,2.5,7,5.5,12,15,10.12977941,15,26,61.5,36.37977941,100,,,#,FALSE,71.93375668,71.32,71.93,,TRUE,,FALSE,,,
#20950078,#20950078,1,1,1,1,1,1,1,1,1,1,1,1,5,5,1,1,1,1,1,1,1,1,1,1,1,5,5,5.5,8,11,11.5,10.5,11.5,6,8,5.5,16.5,16,12.26993778,15,27,60,39.14493778,100,,,#,FALSE,73.32107414,73.24,73.32,,TRUE,,FALSE,,,
#20950184,#20950184,1,1,1,1,1,1,1,1,1,,,1,4.545454545,5,1,1,1,1,1,1,1,1,1,1,1,5,5,7.5,7,5,13,11.5,6,5,7,4,14,15,11.00542044,15,24.5,51.5,35.86337498,100,,,#,FALSE,64.78382953,65.12,65.12,,FALSE,,FALSE,,,
#20950372,#20950372,1,1,1,1,1,1,1,1,1,1,,1,5,5,1,1,1,1,1,1,1,1,1,1,1,5,5,6,8,12,11.5,13,5,6,6,6,15,15.5,11.89264706,15,6.5,28.5,25.95514706,100,,,#,TRUE,44.16537433,42.15,44.17,,TRUE,,TRUE,,,
#20950506,#20950506,1,1,1,1,1,1,1,1,1,,1,1,5,5,1,1,1,1,1,1,1,1,1,1,1,5,5,8,7,13,11.5,11.5,4.5,3,5,0,11,13,10.44128959,15,25,51.5,36.06628959,100,,,#,FALSE,64.83049414,65.33,65.33,,FALSE,,FALSE,,,
#20950573,#20950573,1,1,1,1,1,1,,,1,1,1,1,4.545454545,5,1,1,1,1,1,1,1,1,1,1,1,5,5,8,5.5,8,11,7.5,5.5,1,3,1,14,13,8.817090875,15,15.5,21.5,28.05004542,100,,,#,TRUE,38.47618178,40.27,40.27,,FALSE,,TRUE,,,
#20951251,#20951251,1,1,1,1,,1,,,,1,,1,3.181818182,5,1,1,1,,1,,,,1,,,2.5,5,2,6,4,11,9.5,0,6.5,0,0,0,0,5.270833333,15,12.5,12,18.76515152,100,,,#,TRUE,23.38162879,25.58,25.58,,FALSE,,TRUE,,,
#20951987,#20951987,1,1,1,1,1,1,1,1,1,1,1,1,5,5,1,1,1,1,1,1,1,1,1,1,1,5,5,5.5,7,14,11.5,12,12,7.5,7.5,4,14,17.5,12.74748303,15,21,,35.87248303,100,,,#,TRUE,29.30998303,35.87,35.87,,FALSE,,TRUE,,,
#20952257,#20952257,1,1,1,1,1,1,1,1,1,1,1,1,5,5,1,1,1,1,1,1,1,1,1,1,1,5,5,5.5,5,12,14.5,9,9,6,9,9.5,15,12,11.80353507,15,23.5,56.5,36.49103507,100,,,#,FALSE,69.27512598,68.59,69.28,,TRUE,,FALSE,,,
#20953496,#20953496,1,1,1,1,1,1,,1,1,1,1,1,5,5,1,1,1,1,,,1,1,1,1,1,4.5,5,6.5,6.5,12.5,9.5,10.5,7.5,7,0,6,15,12,11.06587481,15,10,16.5,26.81587481,100,,,#,TRUE,35.40962481,36.19,36.19,,FALSE,,TRUE,,,
#20954432,#20954432,1,1,1,1,1,1,1,1,1,1,1,1,5,5,1,1,1,1,1,1,1,1,1,1,1,5,5,6.5,7,13,9,10.5,9,5.5,7.5,10,15,13,11.99593703,15,17.5,51,32.93343703,100,,,#,FALSE,63.68627794,61.91,63.69,,TRUE,,FALSE,,,
#20956067,#20956067,1,1,1,1,1,1,1,1,1,1,1,1,5,5,1,1,1,1,1,1,1,1,1,1,1,5,5,7,7,12,11,8.5,12.5,8.5,10,6,13,15,12.64500377,15,22,66.5,36.39500377,100,,,#,FALSE,76.75011741,74.18,76.75,,TRUE,,FALSE,,,
#20956195,#20956195,1,1,1,1,1,1,1,,1,1,1,1,5,5,1,1,,1,1,1,1,1,1,,1,4.5,5,4.5,7,10,14.5,8.5,6.5,4,3.5,4,10,10.5,9.361887255,15,23.5,32.5,33.54938726,100,,,#,TRUE,49.28802362,52.02,52.02,,FALSE,,TRUE,,,
#20956360,#20956360,1,1,1,1,1,1,1,1,1,1,1,,5,5,1,1,1,1,1,1,1,1,1,1,1,5,5,7,7,12,12.5,11.5,11,6.5,7.5,4,17,11,12.23565234,15,20,34,34.73565234,100,,,#,TRUE,52.63337961,54.05,54.05,,FALSE,,TRUE,,,
#20957013,#20957013,1,1,1,1,1,1,1,1,1,1,1,1,5,5,1,1,1,1,1,1,1,1,1,1,1,5,5,7,7,14,14.5,12,9.5,8.5,8.5,10,19,16,14.00343137,15,28.5,80,41.81593137,100,,,#,FALSE,89.72786319,87.27,89.73,,TRUE,,FALSE,,,
#20957045,#20957045,1,1,1,1,,1,1,1,1,,1,1,4.545454545,5,1,1,1,,1,1,1,1,1,1,1,5,5,2,7,8,13,9,10,7.5,0,7.5,14,17.5,11.0354638,15,25,66.5,36.20591835,100,,,#,FALSE,75.62353198,73.99,75.62,,TRUE,,FALSE,,,
#20957531,#20957531,1,1,1,1,1,1,1,1,1,1,1,1,5,5,1,1,1,1,1,1,1,1,1,1,,5,5,4,6,11.5,12,7,9,6.5,7.5,4,12,12,10.3056184,15,22.5,45,34.3681184,100,,,#,FALSE,59.29709567,59.94,59.94,,FALSE,,FALSE,,,
#20958427,#20958427,1,1,1,1,1,1,1,1,1,1,1,1,5,5,,1,1,1,1,1,1,1,1,1,1,5,5,6,8,9,10,11,8,4.5,7,8,18,16,11.83484163,15,27.5,50.5,39.02234163,100,,,#,FALSE,66.2950689,67.72,67.72,,FALSE,,FALSE,,,
#20958478,#20958478,1,1,1,1,1,1,,1,1,1,1,1,5,5,1,,1,1,1,1,1,1,1,,1,4.5,5,8,4.5,9,7.5,8.5,4.5,2.5,3.5,6,7.5,0,7.979647436,15,15,27.5,26.85464744,100,,,#,TRUE,41.69839744,42.48,42.48,,FALSE,,TRUE,,,
#20958575,#20958575,1,1,1,,,1,1,,1,,,1,3.181818182,5,1,1,1,,1,1,,1,,1,1,4,5,8,7,14,12,9.5,0,4.5,5.5,4,0,11,9.745588235,15,18.5,20.5,28.48990642,100,,,#,TRUE,37.26831551,40.14,40.14,,FALSE,,TRUE,,,
#20958627,#20958627,1,1,1,1,1,1,1,1,1,1,1,,5,5,1,1,1,1,1,1,1,1,1,1,1,5,5,7,0,13.5,12,11.5,4,4,8,4,13,13,10.35026395,15,29.5,69.5,38.78776395,100,,,#,FALSE,78.9298094,78.28,78.93,,TRUE,,FALSE,,,
#20959727,#20959727,1,1,1,1,1,1,1,1,1,1,1,1,5,5,1,1,1,1,1,1,1,1,1,1,1,5,5,8,8,11,11,11,11,7.5,9,4,12,15.5,12.71187783,15,21.5,47,36.14937783,100,,,#,FALSE,62.81130965,62.85,62.85,,FALSE,,FALSE,,,
#20959818,#20959818,1,1,1,1,1,1,1,1,1,,1,1,5,5,,1,1,1,1,1,1,1,1,1,,4.5,5,3,7,8,14.5,11.5,9.5,7,4.5,8,16,16,11.74958522,15,18.5,48.5,32.81208522,100,,,#,FALSE,61.47685795,60.37,61.48,,TRUE,,FALSE,,,
#20960806,#20960806,1,1,1,1,1,1,1,1,1,,1,1,5,5,1,1,1,1,,1,1,1,1,1,1,5,5,5,6,15.5,12,11,10,4.5,7.5,5.5,16,13,11.63840498,15,23,63.5,36.01340498,100,,,#,FALSE,73.9253368,72.09,73.93,,TRUE,,FALSE,,,
#20961047,#20961047,1,1,1,1,,1,1,1,1,1,1,1,5,5,1,1,1,1,1,1,1,1,1,1,1,5,5,7,8,14,13.5,11.5,12,5.5,9,8,16,13.5,13.32579186,15,29.5,65.5,41.76329186,100,,,#,FALSE,79.06442822,78.98,79.06,,TRUE,,FALSE,,,
#20961221,#20961221,1,1,1,1,1,1,1,1,1,1,1,1,5,5,1,1,1,,1,1,1,1,1,,1,4.5,5,7,7,13,11.5,9.5,11.5,5.5,7,4,14,17,12.10608974,15,25.5,67,37.54358974,100,,,#,FALSE,77.16006701,75.61,77.16,,TRUE,,FALSE,,,
#20961372,#20961372,1,1,1,1,1,1,1,,,,1,1,4.090909091,5,1,1,1,1,1,1,1,,1,1,1,5,5,7.5,7,12,15,8,6.5,0,0,3.5,15,13,9.965808824,15,26,52,35.30671791,100,,,#,FALSE,64.1135361,64.85,64.85,,FALSE,,FALSE,,,
#20962346,#20962346,1,1,1,1,,1,1,1,1,1,1,1,5,5,1,1,1,1,1,,1,1,1,1,1,5,5,2.5,4.5,8,13,8,8.5,5,6,4,12,4.5,8.626602564,15,17.5,34.5,29.56410256,100,,,#,TRUE,48.59819347,49.17,49.17,,FALSE,,TRUE,,,
#20962375,#20962375,,,1,1,1,1,1,1,1,1,1,1,4.545454545,5,1,1,1,1,,,1,1,1,1,1,4.5,5,7,7,11,14,0,8.5,6.5,8.5,6,14,13,11.56116139,15,25,75.5,36.23161593,100,,,#,FALSE,82.04127503,79.13,82.04,,TRUE,,FALSE,,,
#20962950,#20962950,1,1,1,1,1,1,1,1,1,1,1,,5,5,1,1,1,1,1,1,1,1,1,1,,5,5,5.5,8,12,10.5,9.5,12,9,9,9,19,0,12.97836539,15,30,52.5,41.72836539,100,,,#,FALSE,69.64029721,71.56,71.56,,FALSE,,FALSE,,,
#20963866,#20963866,1,1,1,1,1,1,1,1,1,1,1,1,5,5,1,1,1,1,1,1,1,1,1,1,1,5,5,3.5,7,15,8.5,12,11,6.5,8.5,6,15,18,12.4032994,15,34.5,64.5,43.9657994,100,,,#,FALSE,78.99420849,80.61,80.61,,FALSE,,FALSE,,,
#20964524,#20964524,1,1,1,1,1,1,1,1,1,1,1,1,5,5,1,1,1,1,1,1,1,1,1,1,1,5,5,0,7,14,15,11.5,12.5,6,10,7,17,18,13.50554299,15,23.5,77,38.19304299,100,,,#,FALSE,85.53679299,81.94,85.54,,TRUE,,FALSE,,,
#20964697,#20964697,1,1,1,1,1,1,1,1,1,1,1,1,5,5,1,1,1,1,1,1,1,1,1,1,1,5,5,6.5,6.5,7,4,10,3,3.5,9,6,11.5,9,9.27745098,15,24,,34.27745098,100,,,#,TRUE,26.77745098,34.28,34.28,,FALSE,,TRUE,,,
#20966214,#20966214,1,1,1,1,1,1,1,,,,1,1,4.090909091,5,1,1,1,1,1,1,1,1,1,1,1,5,5,6,7,13,14,12,0,7.5,8.5,7,18,0,11.5625,15,18.5,38,32.21590909,100,,,#,TRUE,53.42329545,53.81,53.81,,FALSE,,TRUE,,,
#20966219,#20966219,1,1,1,1,1,1,1,1,1,1,1,1,5,5,1,1,1,1,1,1,1,1,1,1,1,5,5,2.5,4,13,11.5,7.5,4,5.5,6.5,3,16,12.5,9.262396305,15,25.5,48.5,35.19989631,100,,,#,FALSE,61.67716903,62.76,62.76,,FALSE,,FALSE,,,
#20966426,#20966426,1,1,1,,,1,,,,1,,,2.272727273,5,1,1,,,1,,1,,1,1,,3,5,8,6,14,12.5,,0,0,0,0,0,0,5.275,15,28.5,28.5,28.36022727,100,,,#,TRUE,39.69545455,44.55,44.55,,FALSE,,TRUE,,,
#20967153,#20967153,1,1,1,1,1,1,1,1,1,1,1,1,5,5,1,1,1,1,1,1,1,1,1,1,1,5,5,4.5,7,11,12.5,8.5,12,9,8.5,4.5,15,16,12.26513009,15,20,54.5,34.76513009,100,,,#,FALSE,67.22251645,65.73,67.22,,TRUE,,FALSE,,,
#20967382,#20967382,1,1,1,1,,1,1,1,1,1,1,1,5,5,1,1,1,1,1,1,1,1,1,1,,5,5,5.5,5,12,12,11,8,8,8,7,18,15,12.00061275,15,22.5,61.5,36.06311275,100,,,#,FALSE,72.71084002,71.01,72.71,,TRUE,,FALSE,,,
#20967669,#20967669,1,1,1,1,1,1,1,1,1,1,1,1,5,5,1,1,1,1,1,1,1,1,1,1,1,5,5,5,8,15,14.5,0,12,7.5,9,6,19,15,13.0206448,15,31.5,74,42.7081448,100,,,#,FALSE,85.42121298,84.75,85.42,,TRUE,,FALSE,,,
#20968090,#20968090,1,1,1,1,,1,1,1,1,1,1,1,5,5,1,1,0,1,1,,1,1,1,1,1,4.5,5,7,7,13,0,11,11.5,3.5,7.5,4,11,12,10.81907994,15,25,63,35.94407994,100,,,#,FALSE,72.87589812,71.74,72.88,,TRUE,,FALSE,,,
#20969293,#20969293,1,1,1,1,1,1,,1,1,1,1,1,5,5,1,1,1,1,1,1,1,1,1,1,1,5,5,6.5,6,14,12,11.5,9.5,8,7.5,6.5,19,18,12.94897247,15,33,73.5,43.57397247,100,,,#,FALSE,85.46317702,85.34,85.46,,TRUE,,FALSE,,,
#20969311,#20969311,1,1,1,1,1,1,1,1,1,1,1,1,5,5,1,1,1,1,1,1,1,1,1,1,1,5,5,7,7,11,14,8,11.5,8.5,8,7.5,16,13,12.54064857,15,24.5,51,37.85314857,100,,,#,FALSE,66.41848948,66.83,66.83,,FALSE,,FALSE,,,
#20970282,#20970282,1,1,1,1,1,1,,1,1,1,1,,4.545454545,5,,,,,,,,,,,,0,5,7,7.5,0,0,,0,0,0,0,0,0,2.71875,15,17.5,45,18.20170455,100,,,#,TRUE,44.69318182,43.77,44.69,,TRUE,,TRUE,,,
#20970839,#20970839,1,1,1,1,1,1,1,1,1,1,1,1,5,5,1,1,1,1,1,1,1,1,1,1,1,5,5,6.5,6,10,13.5,12,7,6.5,7.5,4.5,16,14,11.64506976,15,20.5,38.5,34.45756976,100,,,#,TRUE,55.39506976,56.33,56.33,,FALSE,,TRUE,,,
#20970851,#20970851,,,,1,,1,,,,,,,0.909090909,5,1,1,,,,1,,1,1,1,,3,5,0,5,8.5,0,5.5,8.5,0,0,0,12,0,4.355769231,15,11,44,15.13986014,100,,,#,TRUE,42.95236014,40.14,42.95,,TRUE,,TRUE,,,
#20971814,#20971814,1,1,1,1,1,1,1,1,1,1,1,1,5,5,1,1,1,1,1,1,1,1,1,1,1,5,5,6,7,11,14,7.5,12,4.5,7,6.5,17,16.5,12.01549774,15,27.5,58,39.20299774,100,,,#,FALSE,71.80242956,72.16,72.16,,FALSE,,FALSE,,,
#20972196,#20972196,1,1,1,1,1,1,1,1,1,1,1,1,5,5,1,1,1,1,1,1,1,1,1,1,1,5,5,7,7,13,13.5,11,13,8.5,9,6.5,17,17.5,13.73578431,15,28,66,41.23578431,100,,,#,FALSE,79.36078431,78.74,79.36,,TRUE,,FALSE,,,
#20973119,#20973119,1,1,1,1,1,1,,1,1,1,1,,4.545454545,5,1,1,1,1,1,1,1,1,1,1,,5,5,4.5,1,10.5,9,7.5,10,7,4,4.5,0,0,7.514262821,15,22.5,23.5,31.12221737,100,,,#,TRUE,40.78130828,44.47,44.47,,FALSE,,TRUE,,,
#20975379,#20975379,1,1,1,1,1,1,1,1,1,1,1,1,5,5,1,1,1,1,1,1,1,1,1,1,1,5,5,8,7.5,14,13.5,12,12.5,4,7.5,5,14,17,13.02355769,15,22.5,64,37.08605769,100,,,#,FALSE,75.50935314,73.45,75.51,,TRUE,,FALSE,,,
#20978642,#20978642,1,1,1,1,1,1,1,1,1,,1,1,5,5,1,1,,1,1,,1,1,1,1,1,4.5,5,7,6,14,14,9.5,0,6.5,8,5.5,14,14.5,11.8627451,15,26.8,63,38.1127451,100,,,#,FALSE,74.48206328,73.91,74.48,,TRUE,,FALSE,,,
#20980219,#20980219,1,1,1,1,1,1,1,1,1,1,,1,5,5,1,1,1,1,1,1,1,1,1,1,1,5,5,6,6,12,12.5,11.5,9,5.5,5.5,6,20,15,11.81615762,15,31,71.5,41.19115762,100,,,#,FALSE,82.28490762,81.82,82.28,,TRUE,,FALSE,,,
#20981239,#20981239,1,1,1,1,1,1,1,1,1,1,1,,5,5,1,,1,1,,1,,,,,1,2.5,5,7.5,6.5,0,0,0,0,0,0,0,0,0,2.625,15,11.1,33,17.0625,100,,,#,TRUE,37.03125,35.81,37.03,,TRUE,,TRUE,,,
#20982331,#20982331,1,1,1,1,1,1,1,1,1,,1,,4.545454545,5,1,1,1,,1,1,1,1,,1,,4,5,8,7.5,13,10,10.5,6,4.5,9.5,5,9,10,11.01841063,15,34.5,59,41.12636518,100,,,#,FALSE,72.24852427,74.65,74.65,,FALSE,,FALSE,,,
#21038883,#21038883,1,1,1,1,1,1,1,1,1,1,1,1,5,5,1,1,1,1,1,1,1,1,1,1,1,5,5,8,6,14,12.5,11.5,12.5,9,11,11.5,18,16.5,14.71069005,15,32.5,81.5,45.02319005,100,,,#,FALSE,92.75046278,91.33,92.75,,TRUE,,FALSE,,,
,,,,,,,,,,,,,,,,,,,,,,,,,,,,,,,,,,,,,,,,,,,,,,,,,,,,,,,,,,,
,,,,,,,,,,,,,,,,,,,,,,,,,,,,,,,,,,,,,,,,,,,,,,,,,59,,,,,89,,59,,,
